class,inst,l/t,cpi,ipc
"reg64","add","latency","1.000169e+00","9.998311e-01"
"reg64","add","throughput","2.558036e-01","3.909249e+00"
"reg64","lea","latency","1.000196e+00","9.998039e-01"
"reg64","lea","throughput","2.556213e-01","3.912037e+00"
"reg64","xor dst,dst","latency","2.031852e-01","4.921618e+00"
"reg64","xor dst,dst","throughput","2.040231e-01","4.901405e+00"
"reg64","xor","latency","2.031982e-01","4.921304e+00"
"reg64","xor","throughput","2.038752e-01","4.904962e+00"
"reg64","load","latency","5.000351e+00","1.999860e-01"
"reg64","load","throughput","1.125021e+00","8.888721e-01"
"reg64","crc32","latency","3.000287e+00","3.333015e-01"
"reg64","crc32","throughput","1.000299e+00","9.997006e-01"
"reg64","store [mem+0]->load[mem+0]","latency","7.500459e+00","1.333252e-01"
"reg64","store [mem+0]->load[mem+0]","throughput","1.323525e+00","7.555579e-01"
"reg64","store [mem+0]->load[mem+1]","latency","2.200703e+01","4.544003e-02"
"reg64","store [mem+0]->load[mem+1]","throughput","1.700179e+01","5.881733e-02"
"m128","pxor","latency","2.056715e-01","4.862122e+00"
"m128","pxor","throughput","2.115010e-01","4.728110e+00"
"m128","padd","latency","1.000512e+00","9.994880e-01"
"m128","padd","throughput","3.333927e-01","2.999466e+00"
"m128","pmuldq","latency","5.000791e+00","1.999684e-01"
"m128","pmuldq","throughput","5.005131e-01","1.997950e+00"
"m128","loadps","throughput","5.008344e-01","1.996668e+00"
"m128","loadps->movq","latency","8.001279e+00","1.249800e-01"
"m128","movq->movq","latency","4.000192e+00","2.499880e-01"
"m128","movq->movq","throughput","1.000044e+00","9.999561e-01"
"m128","xorps","latency","2.072584e-01","4.824894e+00"
"m128","xorps","throughput","2.056429e-01","4.862798e+00"
"m128","addps","latency","4.000516e+00","2.499678e-01"
"m128","addps","throughput","5.004160e-01","1.998337e+00"
"m128","mulps","latency","4.000294e+00","2.499816e-01"
"m128","mulps","throughput","5.000602e-01","1.999759e+00"
"m128","divps","latency","1.100168e+01","9.089523e-02"
"m128","divps","throughput","3.002296e+00","3.330784e-01"
"m128","divpd","latency","1.300795e+01","7.687609e-02"
"m128","divpd","throughput","4.002316e+00","2.498553e-01"
"m128","rsqrtps","latency","4.001008e+00","2.499370e-01"
"m128","rsqrtps","throughput","1.000521e+00","9.994791e-01"
"m128","rcpps","latency","4.000514e+00","2.499679e-01"
"m128","rcpps","throughput","1.000511e+00","9.994897e-01"
"m128","blendps","latency","1.000056e+00","9.999441e-01"
"m128","blendps","throughput","3.334128e-01","2.999285e+00"
"m128","blendvps","latency","1.000500e+00","9.994999e-01"
"m128","blendvps","throughput","4.056757e-01","2.465023e+00"
"m128","pshufb","latency","1.000033e+00","9.999669e-01"
"m128","pshufb","throughput","5.000413e-01","1.999835e+00"
"m128","shufps","latency","1.000493e+00","9.995069e-01"
"m128","shufps","throughput","5.005555e-01","1.997781e+00"
"m128","pmullw","latency","5.000449e+00","1.999820e-01"
"m128","pmullw","throughput","5.005025e-01","1.997992e+00"
"m128","phaddd","latency","2.083195e+00","4.800318e-01"
"m128","phaddd","throughput","1.070888e+00","9.338048e-01"
"m128","haddps","latency","2.083087e+00","4.800568e-01"
"m128","haddps","throughput","1.071460e+00","9.333062e-01"
"m128","pinsrd","latency","1.087231e+00","9.197678e-01"
"m128","pinsrd","throughput","1.083307e+00","9.230993e-01"
"m128","pinsrd->pextr","latency","6.000469e+00","1.666536e-01"
"m128","dpps","latency","1.600096e+01","6.249624e-02"
"m128","dpps","throughput","4.028420e+00","2.482363e-01"
"m128","cvtps2dq","latency","4.000300e+00","2.499812e-01"
"m128","cvtps2dq","throughput","5.000680e-01","1.999728e+00"
"m128","pmovmskb","throughput","1.000553e+00","9.994476e-01"
"m128","pmovmskb->movq","latency","4.001100e+00","2.499313e-01"
"m128","movq->movq","latency","4.000708e+00","2.499558e-01"
"m128","movaps [mem]","latency","8.000444e+00","1.249931e-01"
"m128","movaps [mem]","throughput","5.000754e-01","1.999698e+00"
"m128","movdqu [mem+1]","latency","8.001185e+00","1.249815e-01"
"m128","movdqu [mem+1]","throughput","5.009916e-01","1.996041e+00"
"m128","movdqu [mem+63] (cross cache)","latency","1.400079e+01","7.142452e-02"
"m128","movdqu [mem+63] (cross cache)","throughput","1.000051e+00","9.999487e-01"
"m128","movdqu [mem+2MB-1] (cross page)","latency","1.500100e+01","6.666224e-02"
"m128","movdqu [mem+2MB-1] (cross page)","throughput","4.246003e+00","2.355156e-01"
"m128","pcmpistri","throughput","3.000299e+00","3.333001e-01"
"m128","pcmpistri->movq","latency","1.200103e+01","8.332620e-02"
"m128","pcmpistrm","throughput","3.000524e+00","3.332751e-01"
"m128","pcmpistrm","latency","8.905059e+00","1.122957e-01"
"m128","pcmpestri","throughput","4.028171e+00","2.482516e-01"
"m128","pcmpestri->movq","latency","1.200083e+01","8.332754e-02"
"m128","pcmpestrm","throughput","5.028738e+00","1.988571e-01"
"m128","pcmpestrm","latency","1.003444e+01","9.965680e-02"
"m256","movaps [mem]","throughput","5.001077e-01","1.999569e+00"
"m256","movaps [mem] -> movq","latency","9.000557e+00","1.111042e-01"
"m256","vmovdqu [mem+1]","throughput","5.000693e-01","1.999723e+00"
"m256","vmovdqu [mem+1] -> movq","latency","9.000567e+00","1.111041e-01"
"m256","vmovdqu [mem+63] (cross cache)","throughput","1.000050e+00","9.999496e-01"
"m256","vmovdqu [mem+63] (cross cache) -> movq","latency","1.400092e+01","7.142388e-02"
"m256","vmovdqu [mem+2MB-1] (cross page)","throughput","4.246317e+00","2.354982e-01"
"m256","vmovdqu [mem+2MB-1] (cross page) -> movq","latency","1.600110e+01","6.249570e-02"
"m256","vxorps","latency","2.223615e-01","4.497182e+00"
"m256","vxorps","throughput","2.056953e-01","4.861561e+00"
"m256","vmulps","latency","4.000524e+00","2.499673e-01"
"m256","vmulps","throughput","5.000911e-01","1.999636e+00"
"m256","vaddps","latency","4.000529e+00","2.499669e-01"
"m256","vaddps","throughput","5.000977e-01","1.999609e+00"
"m256","vdivps","latency","1.100068e+01","9.090351e-02"
"m256","vdivps","throughput","5.000619e+00","1.999752e-01"
"m256","vdivpd","latency","1.300119e+01","7.691605e-02"
"m256","vdivpd","throughput","8.000822e+00","1.249872e-01"
"m256","vrsqrtps","latency","4.000519e+00","2.499676e-01"
"m256","vrsqrtps","throughput","1.000494e+00","9.995065e-01"
"m256","vrcpps","latency","4.000516e+00","2.499678e-01"
"m256","vrcpps","throughput","1.000447e+00","9.995532e-01"
"m256","vsqrtps","latency","1.200078e+01","8.332791e-02"
"m256","vsqrtps","throughput","6.000653e+00","1.666485e-01"
"m256","vperm2f128","latency","3.000293e+00","3.333008e-01"
"m256","vperm2f128","throughput","1.000032e+00","9.999680e-01"
"m256","vpxor","latency","2.056967e-01","4.861526e+00"
"m256","vpxor","throughput","2.061462e-01","4.850925e+00"
"m256","vpaddd","latency","1.000453e+00","9.995473e-01"
"m256","vpaddd","throughput","3.334050e-01","2.999355e+00"
"m256","vpermps","latency","3.000547e+00","3.332726e-01"
"m256","vpermps","throughput","1.000609e+00","9.993917e-01"
"m256","vpermpd","latency","3.000525e+00","3.332751e-01"
"m256","vpermpd","throughput","1.000541e+00","9.994588e-01"
"m256","vpblendvb","latency","2.000035e+00","4.999913e-01"
"m256","vpblendvb","throughput","1.000090e+00","9.999095e-01"
"m256","vpmovmskb","throughput","1.000035e+00","9.999646e-01"
"m256","vpmovsxwd","latency","3.000298e+00","3.333002e-01"
"m256","vpmovsxwd","throughput","1.000546e+00","9.994544e-01"
"m256","vpgatherdd","latency","2.200130e+01","4.545186e-02"
"m256","vpgatherdd","throughput","5.001067e+00","1.999573e-01"
"m256","gather32(<ld+ins>x8 + perm)","latency","1.636134e+01","6.111968e-02"
"m256","gather32(<ld+ins>x8 + perm)","throughput","4.002535e+00","2.498417e-01"
"m256","vgatherdpd","latency","2.000133e+01","4.999667e-02"
"m256","vgatherdpd","throughput","3.000677e+00","3.332582e-01"
"m256","gather64(<ld+ins>x4 + perm)","latency","1.245216e+01","8.030737e-02"
"m256","gather64(<ld+ins>x4 + perm)","throughput","2.215046e+00","4.514578e-01"
"m256","vpshufb","latency","1.000438e+00","9.995619e-01"
"m256","vpshufb","throughput","5.000413e-01","1.999835e+00"
"m256","vfmaps","latency","4.000525e+00","2.499672e-01"
"m256","vfmaps","throughput","5.000966e-01","1.999614e+00"
"m256","vfmapd","latency","4.000520e+00","2.499675e-01"
"m256","vfmapd","throughput","5.005370e-01","1.997854e+00"
"m128","vfmaps","latency","4.000518e+00","2.499676e-01"
"m128","vfmaps","throughput","5.006186e-01","1.997529e+00"
"m128","vfmapd","latency","4.000508e+00","2.499682e-01"
"m128","vfmapd","throughput","5.007112e-01","1.997159e+00"
"m512","vaddps","latency","4.000520e+00","2.499675e-01"
"m512","vaddps","throughput","5.008161e-01","1.996741e+00"
"m512","vaddpd","latency","4.000536e+00","2.499665e-01"
"m512","vaddpd","throughput","5.001556e-01","1.999378e+00"
"m512","vorps","latency","1.000536e+00","9.994647e-01"
"m512","vorps","throughput","5.000973e-01","1.999611e+00"
"m512","vorpd","latency","1.000032e+00","9.999682e-01"
"m512","vorpd","throughput","5.000407e-01","1.999837e+00"
"m512","vorps reg, reg, [mem]","latency","1.000497e+00","9.995033e-01"
"m512","vorps reg, reg, [mem]","throughput","8.895603e-01","1.124151e+00"
"m512","vfmaps","latency","4.000555e+00","2.499653e-01"
"m512","vfmaps","throughput","5.007430e-01","1.997032e+00"
"m512","vfmapd","latency","4.000518e+00","2.499676e-01"
"m512","vfmapd","throughput","5.001558e-01","1.999377e+00"
"m512","vfmaps reg, reg, [mem]","latency","4.000537e+00","2.499664e-01"
"m512","vfmaps reg, reg, [mem]","throughput","8.889565e-01","1.124914e+00"
"m512","vpexpandd","latency","3.000312e+00","3.332987e-01"
"m512","vpexpandd","throughput","2.000363e+00","4.999093e-01"
"m512","vplzcntq","latency","3.000644e+00","3.332617e-01"
"m512","vplzcntq","throughput","2.000063e+00","4.999842e-01"
"m512","vpconflictd","latency","2.644531e+01","3.781389e-02"
"m512","vpconflictd","throughput","1.939534e+01","5.155879e-02"
"m512","vpermt2d","latency","3.000334e+00","3.332963e-01"
"m512","vpermt2d","throughput","1.000032e+00","9.999684e-01"
"m512","vshufps","latency","1.000033e+00","9.999672e-01"
"m512","vshufps","throughput","1.000029e+00","9.999708e-01"
"m512","vrcp14pd","latency","6.000716e+00","1.666468e-01"
"m512","vrcp14pd","throughput","2.000446e+00","4.998885e-01"
"m512","vpternlogd","latency","1.000032e+00","9.999684e-01"
"m512","vpternlogd","throughput","5.000477e-01","1.999809e+00"
"m512","vpmuludq","latency","5.423089e+00","1.843967e-01"
"m512","vpmuludq","throughput","5.091983e-01","1.963871e+00"
"m512","vpmuludq reg, reg, [mem]","latency","5.435409e+00","1.839788e-01"
"m512","vpmuludq reg, reg, [mem]","throughput","8.889383e-01","1.124938e+00"
"m512","vpmulld","latency","1.091387e+01","9.162652e-02"
"m512","vpmulld","throughput","1.159078e+00","8.627544e-01"
"m512","vpmulld reg, reg, [mem]","latency","1.080249e+01","9.257123e-02"
"m512","vpmulld reg, reg, [mem]","throughput","1.104622e+00","9.052873e-01"
"m512","vpmullq","latency","1.622854e+01","6.161985e-02"
"m512","vpmullq","throughput","1.560699e+00","6.407384e-01"
"m512","vpmullq reg, reg, [mem]","latency","1.621161e+01","6.168420e-02"
"m512","vpmullq reg, reg, [mem]","throughput","1.561377e+00","6.404605e-01"
"m512","vpmadd52luq","latency","4.000290e+00","2.499819e-01"
"m512","vpmadd52luq","throughput","5.001625e-01","1.999350e+00"
"m512","vpmadd52luq reg, reg, [mem]","latency","4.000530e+00","2.499669e-01"
"m512","vpmadd52luq reg, reg, [mem]","throughput","8.895535e-01","1.124159e+00"
"m512","vpmadd52huq","latency","4.000548e+00","2.499658e-01"
"m512","vpmadd52huq","throughput","5.007381e-01","1.997052e+00"
"m512","vpmadd52huq reg, reg, [mem]","latency","4.000234e+00","2.499854e-01"
"m512","vpmadd52huq reg, reg, [mem]","throughput","8.889395e-01","1.124936e+00"
"m256","vpdpwssds","latency","5.000743e+00","1.999703e-01"
"m256","vpdpwssds","throughput","5.005008e-01","1.997999e+00"
"m256","vpdpwssd","latency","5.000746e+00","1.999702e-01"
"m256","vpdpwssd","throughput","5.005082e-01","1.997969e+00"
"m512","vpdpwssds","latency","5.430971e+00","1.841291e-01"
"m512","vpdpwssds","throughput","5.097667e-01","1.961682e+00"
"m512","vpdpwssd","latency","5.430200e+00","1.841553e-01"
"m512","vpdpwssd","throughput","5.091529e-01","1.964046e+00"
"reg64","popcnt","latency","3.000399e+00","3.332890e-01"
"reg64","popcnt","throughput","1.000031e+00","9.999689e-01"
"m128","aesenc","latency","3.000273e+00","3.333031e-01"
"m128","aesenc","throughput","5.000502e-01","1.999799e+00"
"m128","aesenclast","latency","3.000497e+00","3.332782e-01"
"m128","aesenclast","throughput","5.000517e-01","1.999793e+00"
"m128","aesdec","latency","3.000505e+00","3.332772e-01"
"m128","aesdec","throughput","5.000841e-01","1.999664e+00"
"m128","aesdeclast","latency","3.000500e+00","3.332778e-01"
"m128","aesdeclast","throughput","5.000810e-01","1.999676e+00"
"m128","pclmulqdq","latency","6.000505e+00","1.666527e-01"
"m128","pclmulqdq","throughput","1.000051e+00","9.999487e-01"
